property_count,load_time
1 to 249,9.553984404
250 to 499,10.96287227
500 to 699,13.60019445
700 to 899,17.54065967
900 to 999,18.34868097
1000 to 1049,18.3830297
1050 to 1099,19.58990002
1100 to 1149,22.13146472
